voter login id,password
voter100,pass100
voter101,pass101
voter102,pass102
voter103,pass103
voter104,pass104
voter105,pass105
voter106,pass106
voter107,pass107
voter108,pass108
voter109,pass109
voter110,pass110
voter111,pass111
voter112,pass112
voter113,pass113
voter114,pass114
voter115,pass115
voter116,pass116
voter117,pass117
voter118,pass118
voter119,pass119
voter120,pass120
voter121,pass121
voter122,pass122
voter123,pass123
voter124,pass124
voter125,pass125
voter126,pass126
voter127,pass127
voter128,pass128
voter129,pass129
voter130,pass130
voter131,pass131
voter132,pass132
voter133,pass133
voter134,pass134
voter135,pass135
voter136,pass136
voter137,pass137
voter138,pass138
voter139,pass139
voter140,pass140
voter141,pass141
voter142,pass142
voter143,pass143
voter144,pass144
voter145,pass145
voter146,pass146
voter147,pass147
voter148,pass148
voter149,pass149
voter150,pass150
